,mean_fit_time,std_fit_time,mean_score_time,std_score_time,param_criterion,param_max_depth,params,split0_test_score,split1_test_score,split2_test_score,split3_test_score,split4_test_score,mean_test_score,std_test_score,rank_test_score
0,0.013277292251586914,0.0021547967653696705,0.009947061538696289,0.0006442993791024147,gini,1,"{'criterion': 'gini', 'max_depth': 1}",0.699812382739212,0.7274436090225564,0.7086466165413534,0.7048872180451128,0.7199248120300752,0.712142927675662,0.010115141383146481,159
1,0.009134054183959961,0.0001337634896633576,0.008844327926635743,6.633204222558315e-05,gini,2,"{'criterion': 'gini', 'max_depth': 2}",0.7879924953095685,0.8120300751879698,0.793233082706767,0.7913533834586466,0.7875939849624061,0.7944406043250716,0.009042486748085901,157
2,0.010514402389526367,0.0025276046098611123,0.009105825424194336,0.0003221934233258111,gini,3,"{'criterion': 'gini', 'max_depth': 3}",0.8086303939962477,0.8327067669172933,0.8233082706766918,0.8233082706766918,0.8176691729323309,0.8211245750398511,0.007895930415468407,155
3,0.01249837875366211,0.002602035993695754,0.009354066848754884,0.001035351289407302,gini,4,"{'criterion': 'gini', 'max_depth': 4}",0.8180112570356473,0.8270676691729322,0.8251879699248119,0.8289473684210527,0.8139097744360902,0.8226248077981069,0.0057187454437729384,154
4,0.01109619140625,0.002238728659242368,0.010684490203857422,0.002792197237321342,gini,5,"{'criterion': 'gini', 'max_depth': 5}",0.8161350844277673,0.8383458646616542,0.8345864661654135,0.8270676691729322,0.8176691729323309,0.8267608514720196,0.008844347991602532,152
5,0.011431550979614258,0.0015271002500890627,0.008921432495117187,0.00013144095623164977,gini,6,"{'criterion': 'gini', 'max_depth': 6}",0.8180112570356473,0.8421052631578947,0.8421052631578947,0.8402255639097744,0.8195488721804511,0.8323992438883323,0.011151781238026588,151
6,0.009740924835205078,0.0005432439938156819,0.008945035934448241,0.0004334876592370893,gini,7,"{'criterion': 'gini', 'max_depth': 7}",0.8255159474671669,0.8477443609022557,0.8477443609022557,0.8345864661654135,0.8308270676691729,0.8372836406212529,0.009014366578903376,149
7,0.009596872329711913,0.00018071180887476368,0.008885335922241212,0.00028581777571556996,gini,8,"{'criterion': 'gini', 'max_depth': 8}",0.8198874296435272,0.8439849624060151,0.8552631578947367,0.8402255639097744,0.8289473684210527,0.8376616964550212,0.012233009663988005,148
8,0.011900234222412109,0.003049490527491432,0.008705234527587891,0.00024854642762503156,gini,9,"{'criterion': 'gini', 'max_depth': 9}",0.821763602251407,0.849624060150376,0.8571428571428571,0.8383458646616542,0.8402255639097744,0.8414203896232137,0.011931184325368879,146
9,0.009641885757446289,0.0005081057815620217,0.008888578414916993,0.0004092483238446636,gini,10,"{'criterion': 'gini', 'max_depth': 10}",0.8292682926829268,0.8458646616541353,0.8477443609022557,0.8439849624060151,0.8402255639097744,0.8414175683110214,0.006563874296692151,147
10,0.009992218017578125,0.0011234014120095638,0.008753538131713867,0.0008920866273036818,gini,11,"{'criterion': 'gini', 'max_depth': 11}",0.8292682926829268,0.8590225563909775,0.8515037593984961,0.8364661654135339,0.8364661654135339,0.8425453878598936,0.01097218894175876,142
11,0.009815168380737305,0.0006417181466730065,0.008547210693359375,0.00031364902788945034,gini,12,"{'criterion': 'gini', 'max_depth': 12}",0.8330206378986866,0.8590225563909775,0.8533834586466166,0.8421052631578947,0.8421052631578947,0.8459274358504139,0.009196498240732437,41
12,0.009354877471923827,0.0001232554786108266,0.010206317901611328,0.003577478114218789,gini,13,"{'criterion': 'gini', 'max_depth': 13}",0.8330206378986866,0.8571428571428571,0.849624060150376,0.8383458646616542,0.8402255639097744,0.8436717967526697,0.008609159842517622,131
13,0.009203004837036132,0.00020223531297404248,0.008968591690063477,0.0016692287245938,gini,14,"{'criterion': 'gini', 'max_depth': 14}",0.8255159474671669,0.8609022556390977,0.8533834586466166,0.8402255639097744,0.8402255639097744,0.844050557914486,0.012197341472497318,111
14,0.009318971633911132,0.00044686400900703253,0.00835275650024414,0.00018301647477335535,gini,15,"{'criterion': 'gini', 'max_depth': 15}",0.8311444652908068,0.8552631578947367,0.8533834586466166,0.8364661654135339,0.8402255639097744,0.8432965622310936,0.009473158950377808,135
15,0.009613370895385743,0.00042995416856814455,0.008403396606445313,0.0003076822052754436,gini,16,"{'criterion': 'gini', 'max_depth': 16}",0.8292682926829268,0.8590225563909775,0.8533834586466166,0.8402255639097744,0.8421052631578947,0.844801026957638,0.010443925236562011,86
16,0.009621238708496094,0.000771389915660645,0.009040927886962891,0.0016617553755985898,gini,17,"{'criterion': 'gini', 'max_depth': 17}",0.8348968105065666,0.8590225563909775,0.8533834586466166,0.8383458646616542,0.8421052631578947,0.845550790672742,0.009166559564177425,63
17,0.010669708251953125,0.003373846056805757,0.00831446647644043,0.00016817314466219797,gini,18,"{'criterion': 'gini', 'max_depth': 18}",0.8255159474671669,0.8590225563909775,0.8515037593984961,0.8383458646616542,0.8439849624060151,0.8436746180648619,0.01144625623688498,124
18,0.009293699264526367,0.0003347945847553372,0.008347797393798827,0.000318600038097484,gini,19,"{'criterion': 'gini', 'max_depth': 19}",0.8273921200750468,0.8552631578947367,0.8515037593984961,0.8402255639097744,0.8421052631578947,0.8432979728871898,0.009740215517516816,132
19,0.009462451934814453,0.0002373432035233918,0.008454275131225587,0.0002702676416794089,gini,20,"{'criterion': 'gini', 'max_depth': 20}",0.8311444652908068,0.8590225563909775,0.849624060150376,0.8364661654135339,0.8421052631578947,0.8436725020807178,0.009822264938351128,129
20,0.009956979751586914,0.0009590729093300822,0.008241415023803711,0.00017876802490892352,gini,21,"{'criterion': 'gini', 'max_depth': 21}",0.8330206378986866,0.8590225563909775,0.8515037593984961,0.8402255639097744,0.8402255639097744,0.8447996163015418,0.009250143806799008,94
21,0.010067462921142578,0.00144211788531671,0.008502960205078125,0.00032018352932453525,gini,22,"{'criterion': 'gini', 'max_depth': 22}",0.8367729831144465,0.8590225563909775,0.8515037593984961,0.8402255639097744,0.8402255639097744,0.8455500853446937,0.008374870642749228,68
22,0.009342098236083984,0.0001439404343665424,0.008518314361572266,0.0004363193822590635,gini,23,"{'criterion': 'gini', 'max_depth': 23}",0.8292682926829268,0.8590225563909775,0.8515037593984961,0.8402255639097744,0.8402255639097744,0.8440491472583899,0.010271197247058233,113
23,0.010007381439208984,0.0013375985625162974,0.008535003662109375,0.00047413433340032663,gini,24,"{'criterion': 'gini', 'max_depth': 24}",0.8311444652908068,0.8590225563909775,0.8533834586466166,0.8383458646616542,0.8421052631578947,0.8448003216295898,0.01011284302185442,90
24,0.009307098388671876,0.0003872472448496963,0.008384180068969727,0.00023894468435242932,gini,25,"{'criterion': 'gini', 'max_depth': 25}",0.8330206378986866,0.8552631578947367,0.8515037593984961,0.8402255639097744,0.8421052631578947,0.8444236764519177,0.008008125996068313,108
25,0.009435319900512695,0.0003323616084737293,0.008954095840454101,0.0004903359507092297,gini,26,"{'criterion': 'gini', 'max_depth': 26}",0.8311444652908068,0.8552631578947367,0.8515037593984961,0.8383458646616542,0.8421052631578947,0.8436725020807178,0.008757315835586288,129
26,0.009617137908935546,0.0005545830045988362,0.00819244384765625,0.00012769211210655407,gini,27,"{'criterion': 'gini', 'max_depth': 27}",0.8311444652908068,0.8571428571428571,0.849624060150376,0.8402255639097744,0.8421052631578947,0.8440484419303418,0.008802887952357688,118
27,0.00929398536682129,0.00027315625659954113,0.008429574966430663,0.00045529053603221353,gini,28,"{'criterion': 'gini', 'max_depth': 28}",0.8292682926829268,0.8571428571428571,0.8533834586466166,0.8383458646616542,0.8421052631578947,0.8440491472583899,0.010132663888497907,113
28,0.010468149185180664,0.001910373486222389,0.009700202941894531,0.002672848013409357,gini,29,"{'criterion': 'gini', 'max_depth': 29}",0.8330206378986866,0.8590225563909775,0.8515037593984961,0.8402255639097744,0.8421052631578947,0.8451755561511659,0.009093478233983756,76
29,0.009099054336547851,0.00015975179204942672,0.008160161972045898,0.00022814106275357955,gini,30,"{'criterion': 'gini', 'max_depth': 30}",0.8367729831144465,0.8609022556390977,0.849624060150376,0.8383458646616542,0.8421052631578947,0.8455500853446939,0.008866696369838351,66
30,0.00922689437866211,7.358859640584135e-05,0.00836482048034668,0.0003817843867971714,gini,31,"{'criterion': 'gini', 'max_depth': 31}",0.8348968105065666,0.8571428571428571,0.8533834586466166,0.8383458646616542,0.8439849624060151,0.845550790672742,0.008527564283005044,63
31,0.011795473098754884,0.00467076988086716,0.008604717254638673,0.0008168642146758053,gini,32,"{'criterion': 'gini', 'max_depth': 32}",0.8367729831144465,0.8571428571428571,0.849624060150376,0.8402255639097744,0.8421052631578947,0.8451741454950698,0.0073148865582282,85
32,0.010285091400146485,0.0017971504224529506,0.00988926887512207,0.0027904030503377274,gini,33,"{'criterion': 'gini', 'max_depth': 33}",0.8311444652908068,0.8552631578947367,0.8533834586466166,0.8402255639097744,0.8402255639097744,0.8440484419303418,0.009040506590773816,118
33,0.009418630599975586,0.0001819739921940289,0.008451175689697266,0.0001683532591308295,gini,34,"{'criterion': 'gini', 'max_depth': 34}",0.8330206378986866,0.8571428571428571,0.8533834586466166,0.8383458646616542,0.8402255639097744,0.8444236764519178,0.009237407512349442,106
34,0.01202092170715332,0.0044101162737401715,0.008909511566162109,0.0007818412505066057,gini,35,"{'criterion': 'gini', 'max_depth': 35}",0.8330206378986866,0.8590225563909775,0.8515037593984961,0.8402255639097744,0.8421052631578947,0.8451755561511659,0.009093478233983756,76
35,0.010128593444824219,0.0010841139135588317,0.008924627304077148,0.0009609779423731449,gini,36,"{'criterion': 'gini', 'max_depth': 36}",0.8311444652908068,0.8552631578947367,0.8515037593984961,0.8383458646616542,0.8402255639097744,0.8432965622310936,0.00885631293802866,135
36,0.010377788543701172,0.0014977434083012328,0.011053991317749024,0.004110058407782286,gini,37,"{'criterion': 'gini', 'max_depth': 37}",0.8292682926829268,0.8609022556390977,0.8533834586466166,0.8364661654135339,0.8421052631578947,0.844425087108014,0.011403542768527227,102
37,0.009139823913574218,0.00016471072260150453,0.008340024948120117,0.00011458810639264172,gini,38,"{'criterion': 'gini', 'max_depth': 38}",0.8292682926829268,0.8609022556390977,0.8515037593984961,0.8383458646616542,0.8421052631578947,0.844425087108014,0.010896528164089715,102
38,0.00929865837097168,0.00016264681309759412,0.008218193054199218,7.249518269501041e-05,gini,39,"{'criterion': 'gini', 'max_depth': 39}",0.8273921200750468,0.8552631578947367,0.8515037593984961,0.8383458646616542,0.8421052631578947,0.8429220330375656,0.009886718532846122,138
39,0.00965738296508789,0.00034410021094719023,0.008617019653320313,0.00026529981082395044,gini,40,"{'criterion': 'gini', 'max_depth': 40}",0.8348968105065666,0.8590225563909775,0.849624060150376,0.8402255639097744,0.8402255639097744,0.8447989109734937,0.008549581907076524,99
40,0.01025395393371582,0.0013403597471911156,0.011027860641479491,0.003763684710505467,gini,41,"{'criterion': 'gini', 'max_depth': 41}",0.8330206378986866,0.8552631578947367,0.849624060150376,0.8402255639097744,0.8421052631578947,0.8440477366022936,0.007705325068712013,121
41,0.00925130844116211,0.00017052735493319225,0.008189010620117187,7.583830794955224e-05,gini,42,"{'criterion': 'gini', 'max_depth': 42}",0.8348968105065666,0.8571428571428571,0.849624060150376,0.8383458646616542,0.8402255639097744,0.8440470312742457,0.008166239770245484,122
42,0.009087657928466797,0.00013545991131635578,0.008209514617919921,0.00010042120361807366,gini,43,"{'criterion': 'gini', 'max_depth': 43}",0.8348968105065666,0.8590225563909775,0.849624060150376,0.8402255639097744,0.8421052631578947,0.8451748508231178,0.008379860801536333,82
43,0.009118127822875976,5.981264062976922e-05,0.00825204849243164,0.00011838192884825923,gini,44,"{'criterion': 'gini', 'max_depth': 44}",0.8292682926829268,0.8609022556390977,0.8515037593984961,0.8402255639097744,0.8421052631578947,0.8448010269576379,0.010711153307105195,89
44,0.009192514419555663,6.424491994259381e-05,0.009174966812133789,0.001027241366473865,gini,45,"{'criterion': 'gini', 'max_depth': 45}",0.8273921200750468,0.8590225563909775,0.8533834586466166,0.8383458646616542,0.8421052631578947,0.8440498525864379,0.011181189740075195,112
45,0.009937047958374023,0.0008293562086490706,0.00845341682434082,0.00048687444903765774,gini,46,"{'criterion': 'gini', 'max_depth': 46}",0.8348968105065666,0.8571428571428571,0.8515037593984961,0.8402255639097744,0.8421052631578947,0.8451748508231178,0.008035473615892843,82
46,0.009550094604492188,0.00029940680725347386,0.008839225769042969,0.00031575199615023003,gini,47,"{'criterion': 'gini', 'max_depth': 47}",0.8292682926829268,0.8590225563909775,0.8533834586466166,0.8364661654135339,0.8402255639097744,0.8436732074087658,0.010965589464828345,128
47,0.011689376831054688,0.0032564921061093255,0.009145975112915039,0.0016880609413667468,gini,48,"{'criterion': 'gini', 'max_depth': 48}",0.8330206378986866,0.8571428571428571,0.8533834586466166,0.8402255639097744,0.8421052631578947,0.8451755561511659,0.00885728080597401,76
48,0.012037038803100586,0.005845855011151584,0.009556293487548828,0.0022914331570179653,gini,49,"{'criterion': 'gini', 'max_depth': 49}",0.8292682926829268,0.8590225563909775,0.849624060150376,0.8383458646616542,0.8402255639097744,0.8432972675591419,0.010179164046005041,133
49,0.010160255432128906,0.002134277041340952,0.008273458480834961,0.00016111068049793202,gini,50,"{'criterion': 'gini', 'max_depth': 50}",0.8255159474671669,0.8590225563909775,0.849624060150376,0.8383458646616542,0.8402255639097744,0.8425467985159898,0.011266091536904515,140
50,0.011563587188720702,0.004906806156601839,0.008321619033813477,0.00020629562655481438,gini,51,"{'criterion': 'gini', 'max_depth': 51}",0.8330206378986866,0.8590225563909775,0.8515037593984961,0.8383458646616542,0.8439849624060151,0.8451755561511659,0.009247592216498486,76
51,0.009483098983764648,0.00048127181700314083,0.00827789306640625,4.9916219284011984e-05,gini,52,"{'criterion': 'gini', 'max_depth': 52}",0.8292682926829268,0.8609022556390977,0.8515037593984961,0.8383458646616542,0.8402255639097744,0.8440491472583899,0.011001994257718278,113
52,0.00982818603515625,0.0005402467066861139,0.008338212966918945,0.00014709533682870702,gini,53,"{'criterion': 'gini', 'max_depth': 53}",0.8348968105065666,0.8590225563909775,0.8533834586466166,0.8383458646616542,0.8402255639097744,0.8451748508231178,0.009337117302324548,82
53,0.011696386337280273,0.004307984062562836,0.008719587326049804,0.0003976448702510826,gini,54,"{'criterion': 'gini', 'max_depth': 54}",0.8348968105065666,0.8590225563909775,0.8515037593984961,0.8364661654135339,0.8421052631578947,0.8447989109734937,0.00918704590326175,99
54,0.009389209747314452,0.00047982006249957317,0.008258438110351563,0.0001575140884056815,gini,55,"{'criterion': 'gini', 'max_depth': 55}",0.8367729831144465,0.8590225563909775,0.8515037593984961,0.8383458646616542,0.8421052631578947,0.8455500853446939,0.008458827695853394,66
55,0.01198124885559082,0.0038170508574689936,0.008150386810302734,7.615425315046251e-05,gini,56,"{'criterion': 'gini', 'max_depth': 56}",0.8348968105065666,0.8552631578947367,0.8515037593984961,0.8383458646616542,0.8421052631578947,0.8444229711238697,0.007754971838668008,110
56,0.010300445556640624,0.0023550263017377182,0.008439970016479493,0.000596474310848918,gini,57,"{'criterion': 'gini', 'max_depth': 57}",0.8255159474671669,0.8590225563909775,0.8533834586466166,0.8402255639097744,0.8402255639097744,0.8436746180648619,0.011690595051657695,124
57,0.009168291091918945,6.014324979228116e-05,0.008813905715942382,0.0004161978399207348,gini,58,"{'criterion': 'gini', 'max_depth': 58}",0.8348968105065666,0.8552631578947367,0.849624060150376,0.8383458646616542,0.8421052631578947,0.8440470312742455,0.00744184186490884,123
58,0.010274171829223633,0.0015461807901124547,0.009224700927734374,0.0014308185120731466,gini,59,"{'criterion': 'gini', 'max_depth': 59}",0.8330206378986866,0.8571428571428571,0.8533834586466166,0.8364661654135339,0.8421052631578947,0.8444236764519178,0.009389159331905973,106
59,0.00944218635559082,0.0004722782980185893,0.009450483322143554,0.0016947988772212344,gini,60,"{'criterion': 'gini', 'max_depth': 60}",0.8292682926829268,0.8609022556390977,0.8515037593984961,0.8383458646616542,0.8402255639097744,0.8440491472583899,0.011001994257718278,113
60,0.009987688064575196,0.0012182730611983137,0.010457992553710938,0.0046184802798991155,gini,61,"{'criterion': 'gini', 'max_depth': 61}",0.8348968105065666,0.8590225563909775,0.8515037593984961,0.8402255639097744,0.8421052631578947,0.845550790672742,0.008610032538041714,63
61,0.012661504745483398,0.004043939393901799,0.01085200309753418,0.0025619183969493847,gini,62,"{'criterion': 'gini', 'max_depth': 62}",0.8273921200750468,0.8571428571428571,0.8515037593984961,0.8402255639097744,0.8421052631578947,0.8436739127368138,0.010219271065723803,127
62,0.00928654670715332,0.0004147239092899656,0.010634899139404297,0.005008034063405855,gini,63,"{'criterion': 'gini', 'max_depth': 63}",0.8311444652908068,0.8590225563909775,0.8533834586466166,0.8383458646616542,0.8421052631578947,0.8448003216295898,0.01011284302185442,90
63,0.01155552864074707,0.0036177385039474663,0.00926194190979004,0.0008211853663873822,gini,64,"{'criterion': 'gini', 'max_depth': 64}",0.8330206378986866,0.8571428571428571,0.8515037593984961,0.8402255639097744,0.8421052631578947,0.8447996163015418,0.008534951147972626,94
64,0.009458446502685547,0.00037422691156046553,0.008864450454711913,0.00033954604075682595,gini,65,"{'criterion': 'gini', 'max_depth': 65}",0.8367729831144465,0.8571428571428571,0.8533834586466166,0.8383458646616542,0.8439849624060151,0.8459260251943178,0.008080041713038574,52
65,0.009234428405761719,0.00029501113815983787,0.008228397369384766,0.0001417370359593139,gini,66,"{'criterion': 'gini', 'max_depth': 66}",0.8255159474671669,0.8552631578947367,0.849624060150376,0.8383458646616542,0.8402255639097744,0.8417949188167416,0.010218147341598446,144
66,0.009511041641235351,0.00047879003692027103,0.008144617080688477,0.0001815438110099313,gini,67,"{'criterion': 'gini', 'max_depth': 67}",0.8292682926829268,0.8590225563909775,0.8515037593984961,0.8364661654135339,0.8402255639097744,0.8432972675591417,0.010654038418034558,134
67,0.00900096893310547,7.453979098562372e-05,0.008378028869628906,0.00037460246421082134,gini,68,"{'criterion': 'gini', 'max_depth': 68}",0.8273921200750468,0.8609022556390977,0.8533834586466166,0.8402255639097744,0.8402255639097744,0.8444257924360621,0.01163738335768994,101
68,0.009201669692993164,0.0006469968209837106,0.008274173736572266,0.0003395582346857395,gini,69,"{'criterion': 'gini', 'max_depth': 69}",0.8330206378986866,0.8609022556390977,0.8515037593984961,0.8364661654135339,0.8402255639097744,0.8444236764519177,0.01032130384832815,108
69,0.009120702743530273,0.0004078854013873568,0.008237695693969727,0.0002726292255612824,gini,70,"{'criterion': 'gini', 'max_depth': 70}",0.8330206378986866,0.8609022556390977,0.849624060150376,0.8402255639097744,0.8421052631578947,0.8451755561511659,0.009474063801701174,76
70,0.009210824966430664,0.0002878960960336918,0.008224153518676757,0.0002677285273961807,gini,71,"{'criterion': 'gini', 'max_depth': 71}",0.8367729831144465,0.8590225563909775,0.8515037593984961,0.8402255639097744,0.8421052631578947,0.8459260251943178,0.008167030169516767,52
71,0.009538888931274414,0.0005680116772798621,0.00844883918762207,0.0004492630042689165,gini,72,"{'criterion': 'gini', 'max_depth': 72}",0.8255159474671669,0.8627819548872181,0.849624060150376,0.8383458646616542,0.8421052631578947,0.8436746180648619,0.012337600958887153,124
72,0.010640907287597656,0.002655818561725117,0.01125040054321289,0.003292376386033025,gini,73,"{'criterion': 'gini', 'max_depth': 73}",0.8330206378986866,0.8609022556390977,0.8515037593984961,0.8383458646616542,0.8402255639097744,0.8447996163015418,0.01005542367110165,94
73,0.01152338981628418,0.0029555327209689077,0.008277034759521485,0.00013988167376880828,gini,74,"{'criterion': 'gini', 'max_depth': 74}",0.8311444652908068,0.8571428571428571,0.8515037593984961,0.8383458646616542,0.8421052631578947,0.8440484419303417,0.009272037668920746,120
74,0.009150218963623048,8.161014678741012e-05,0.00820174217224121,8.143739317874019e-05,gini,75,"{'criterion': 'gini', 'max_depth': 75}",0.8311444652908068,0.8571428571428571,0.8515037593984961,0.8402255639097744,0.8421052631578947,0.8444243817799657,0.009069087800562236,105
75,0.009163331985473634,0.00011460931626980573,0.008219480514526367,5.4565049189855975e-05,gini,76,"{'criterion': 'gini', 'max_depth': 76}",0.8255159474671669,0.8571428571428571,0.8515037593984961,0.8402255639097744,0.8402255639097744,0.8429227383656137,0.010893957678258098,137
76,0.009617471694946289,0.0006489497361175353,0.011403846740722656,0.005436787661892903,gini,77,"{'criterion': 'gini', 'max_depth': 77}",0.8292682926829268,0.8552631578947367,0.8515037593984961,0.8383458646616542,0.8402255639097744,0.8429213277095176,0.009387079162555871,139
77,0.009908723831176757,0.00029910381488896517,0.008601140975952149,0.0004396710987300116,gini,78,"{'criterion': 'gini', 'max_depth': 78}",0.8311444652908068,0.8590225563909775,0.8515037593984961,0.8383458646616542,0.8421052631578947,0.8444243817799659,0.009817404473069405,104
78,0.010331201553344726,0.0012343705254083716,0.01055316925048828,0.003715796214615457,gini,79,"{'criterion': 'gini', 'max_depth': 79}",0.8255159474671669,0.8571428571428571,0.8515037593984961,0.8364661654135339,0.8421052631578947,0.8425467985159898,0.011139937302660335,140
79,0.009588813781738282,0.0008502395720460931,0.010266733169555665,0.003912600213889455,gini,80,"{'criterion': 'gini', 'max_depth': 80}",0.8330206378986866,0.8590225563909775,0.8515037593984961,0.8402255639097744,0.8402255639097744,0.8447996163015418,0.009250143806799008,94
80,0.010416221618652344,0.004360650005128645,0.010139274597167968,0.002625267745891352,entropy,1,"{'criterion': 'entropy', 'max_depth': 1}",0.699812382739212,0.7274436090225564,0.7086466165413534,0.7048872180451128,0.7199248120300752,0.712142927675662,0.010115141383146481,159
81,0.010676050186157226,0.0030796500401116594,0.008196067810058594,0.00011994643229675554,entropy,2,"{'criterion': 'entropy', 'max_depth': 2}",0.7673545966228893,0.7744360902255639,0.793233082706767,0.7575187969924813,0.7875939849624061,0.7760273103020214,0.013039475262175542,158
82,0.008659839630126953,0.00043589168429849405,0.011284112930297852,0.004553676034465532,entropy,3,"{'criterion': 'entropy', 'max_depth': 3}",0.8011257035647279,0.8101503759398496,0.8139097744360902,0.7969924812030075,0.8157894736842104,0.8075935617655772,0.0073187555253511625,156
83,0.008646154403686523,9.289218649772921e-05,0.008286714553833008,0.00020782629035565037,entropy,4,"{'criterion': 'entropy', 'max_depth': 4}",0.8086303939962477,0.8421052631578947,0.8214285714285714,0.8364661654135339,0.8139097744360902,0.8245080336864676,0.012857410536654686,153
84,0.00889272689819336,0.00020422147793111798,0.008993768692016601,0.0011728058946326326,entropy,5,"{'criterion': 'entropy', 'max_depth': 5}",0.8236397748592871,0.8477443609022557,0.8421052631578947,0.8345864661654135,0.8270676691729322,0.8350287068515566,0.009000521948901984,150
85,0.009339475631713867,0.0003286850187800348,0.008400821685791015,0.00030933197159484184,entropy,6,"{'criterion': 'entropy', 'max_depth': 6}",0.8292682926829268,0.8533834586466166,0.8515037593984961,0.8439849624060151,0.8308270676691729,0.8417935081606455,0.010105070439094251,145
86,0.009523487091064453,0.0004687362284472051,0.00835719108581543,0.00021174628234453194,entropy,7,"{'criterion': 'entropy', 'max_depth': 7}",0.8311444652908068,0.8477443609022557,0.8515037593984961,0.8383458646616542,0.8421052631578947,0.8421687426822215,0.007132785902320452,143
87,0.012102317810058594,0.004821759724980922,0.011540842056274415,0.005721842043742171,entropy,8,"{'criterion': 'entropy', 'max_depth': 8}",0.8311444652908068,0.8627819548872181,0.8590225563909775,0.8383458646616542,0.8477443609022557,0.8478078404265824,0.011976602556517937,1
88,0.010563087463378907,0.0024445626383273952,0.00824894905090332,0.00020556707055401896,entropy,9,"{'criterion': 'entropy', 'max_depth': 9}",0.8348968105065666,0.8571428571428571,0.8552631578947367,0.8421052631578947,0.8477443609022557,0.8474304899208622,0.008261119044949828,2
89,0.009490680694580079,0.00011521844187369813,0.008310461044311523,0.00021462676206530457,entropy,10,"{'criterion': 'entropy', 'max_depth': 10}",0.8330206378986866,0.8590225563909775,0.8533834586466166,0.8421052631578947,0.8477443609022557,0.8470552553992862,0.009002335556259298,5
90,0.009760713577270508,0.0005315354429034524,0.008481454849243165,0.00022149701412754795,entropy,11,"{'criterion': 'entropy', 'max_depth': 11}",0.8330206378986866,0.8590225563909775,0.8552631578947367,0.8421052631578947,0.8458646616541353,0.8470552553992862,0.00931102981892467,5
91,0.009414958953857421,6.136014218728597e-05,0.008351850509643554,5.559426411613356e-05,entropy,12,"{'criterion': 'entropy', 'max_depth': 12}",0.8330206378986866,0.8590225563909775,0.8515037593984961,0.8383458646616542,0.8477443609022557,0.8459274358504139,0.009273019335531861,41
92,0.009627819061279297,0.00024323640582290832,0.011191987991333007,0.005043037092806648,entropy,13,"{'criterion': 'entropy', 'max_depth': 13}",0.8330206378986866,0.8590225563909775,0.8515037593984961,0.8383458646616542,0.8458646616541353,0.8455514960007899,0.009229740062306962,59
93,0.01060500144958496,0.0019938887047877877,0.008710336685180665,0.000541021725955559,entropy,14,"{'criterion': 'entropy', 'max_depth': 14}",0.8330206378986866,0.8627819548872181,0.8533834586466166,0.8383458646616542,0.8439849624060151,0.8463033757000382,0.010647058675389641,21
94,0.011733531951904297,0.0029576970104747803,0.00829019546508789,0.00022222742911681597,entropy,15,"{'criterion': 'entropy', 'max_depth': 15}",0.8330206378986866,0.8590225563909775,0.8533834586466166,0.8383458646616542,0.8439849624060151,0.8455514960007899,0.009531071945965417,59
95,0.009349298477172852,0.0002488806953271852,0.009265375137329102,0.0018105655108958626,entropy,16,"{'criterion': 'entropy', 'max_depth': 16}",0.8330206378986866,0.8627819548872181,0.8533834586466166,0.8383458646616542,0.8439849624060151,0.8463033757000382,0.010647058675389641,21
96,0.009598350524902344,0.0004404462672325611,0.008417654037475585,0.0001851947003458028,entropy,17,"{'criterion': 'entropy', 'max_depth': 17}",0.8330206378986866,0.8571428571428571,0.8515037593984961,0.8383458646616542,0.8439849624060151,0.8447996163015418,0.00869896582985508,94
97,0.00945730209350586,0.00011268797077509445,0.008319520950317382,5.69229737600896e-05,entropy,18,"{'criterion': 'entropy', 'max_depth': 18}",0.8348968105065666,0.8590225563909775,0.8515037593984961,0.8383458646616542,0.8458646616541353,0.845926730522366,0.008737693306172101,44
98,0.010215234756469727,0.0009876987560408187,0.008497858047485351,0.0005342406061571784,entropy,19,"{'criterion': 'entropy', 'max_depth': 19}",0.8386491557223265,0.8590225563909775,0.8533834586466166,0.8383458646616542,0.8458646616541353,0.847053139415142,0.00813874608578052,9
99,0.009486675262451172,0.00020459137123779287,0.008777523040771484,0.0004908169113135901,entropy,20,"{'criterion': 'entropy', 'max_depth': 20}",0.8386491557223265,0.8627819548872181,0.8533834586466166,0.8383458646616542,0.8439849624060151,0.8474290792647661,0.00940871095927058,3
100,0.01196584701538086,0.0024448429102210635,0.010133075714111327,0.0027475402794587696,entropy,21,"{'criterion': 'entropy', 'max_depth': 21}",0.8330206378986866,0.8609022556390977,0.8533834586466166,0.8383458646616542,0.8458646616541353,0.8463033757000382,0.010031953403450741,21
101,0.009317922592163085,0.0002351916034247997,0.008326911926269531,0.00015901883668795758,entropy,22,"{'criterion': 'entropy', 'max_depth': 22}",0.8311444652908068,0.8571428571428571,0.8515037593984961,0.8383458646616542,0.8458646616541353,0.8448003216295898,0.009236335935879844,90
102,0.009314632415771485,0.00012462397980104472,0.008144807815551759,7.643602969104977e-05,entropy,23,"{'criterion': 'entropy', 'max_depth': 23}",0.8386491557223265,0.8571428571428571,0.8515037593984961,0.8383458646616542,0.8458646616541353,0.8463012597158939,0.0073026003804225114,34
103,0.009428977966308594,0.00025158440907879483,0.008842754364013671,0.0008331304832253721,entropy,24,"{'criterion': 'entropy', 'max_depth': 24}",0.8367729831144465,0.8609022556390977,0.8515037593984961,0.8383458646616542,0.8458646616541353,0.846677904893566,0.008874826874681175,15
104,0.009493446350097657,0.00019509561424982096,0.008535528182983398,0.0003076484685913328,entropy,25,"{'criterion': 'entropy', 'max_depth': 25}",0.8367729831144465,0.8590225563909775,0.8515037593984961,0.8383458646616542,0.8439849624060151,0.8459260251943178,0.008338285027540379,52
105,0.009567737579345703,0.00042878187836713265,0.008619403839111328,0.00048000991051026017,entropy,26,"{'criterion': 'entropy', 'max_depth': 26}",0.8386491557223265,0.8590225563909775,0.8515037593984961,0.8383458646616542,0.8439849624060151,0.8463012597158939,0.007951171376194992,34
106,0.0109771728515625,0.002487170241879468,0.00988631248474121,0.0034771686428516075,entropy,27,"{'criterion': 'entropy', 'max_depth': 27}",0.8348968105065666,0.8590225563909775,0.8515037593984961,0.8383458646616542,0.8458646616541353,0.845926730522366,0.008737693306172101,44
107,0.01001601219177246,0.0012339677477961344,0.008246898651123047,0.0002319183685770292,entropy,28,"{'criterion': 'entropy', 'max_depth': 28}",0.8330206378986866,0.8627819548872181,0.8515037593984961,0.8383458646616542,0.8439849624060151,0.8459274358504141,0.010421219260854542,39
108,0.009245347976684571,0.0001611888328212359,0.008408069610595703,0.00033711058389467935,entropy,29,"{'criterion': 'entropy', 'max_depth': 29}",0.8330206378986866,0.8609022556390977,0.8533834586466166,0.8383458646616542,0.8458646616541353,0.8463033757000382,0.010031953403450741,21
109,0.00941624641418457,0.00021785377346859847,0.008508682250976562,0.00027295989082498607,entropy,30,"{'criterion': 'entropy', 'max_depth': 30}",0.8348968105065666,0.8609022556390977,0.8533834586466166,0.8383458646616542,0.8458646616541353,0.8466786102216141,0.009551701908325938,12
110,0.009536314010620116,0.0002039873694437509,0.008540821075439454,0.00025231257774145177,entropy,31,"{'criterion': 'entropy', 'max_depth': 31}",0.8348968105065666,0.8609022556390977,0.8515037593984961,0.8383458646616542,0.8439849624060151,0.8459267305223659,0.009362357927122492,49
111,0.009605789184570312,0.0003203181285121037,0.010534191131591797,0.004628856741530989,entropy,32,"{'criterion': 'entropy', 'max_depth': 32}",0.8367729831144465,0.8571428571428571,0.8515037593984961,0.8383458646616542,0.8439849624060151,0.8455500853446937,0.007761784868527802,68
112,0.01097559928894043,0.003329909033685926,0.008134031295776367,0.00011706207530881233,entropy,33,"{'criterion': 'entropy', 'max_depth': 33}",0.8367729831144465,0.8609022556390977,0.8515037593984961,0.8383458646616542,0.8458646616541353,0.846677904893566,0.008874826874681175,15
113,0.009328794479370118,8.223601149306503e-05,0.00818939208984375,6.58807784818929e-05,entropy,34,"{'criterion': 'entropy', 'max_depth': 34}",0.8386491557223265,0.8609022556390977,0.8533834586466166,0.8383458646616542,0.8458646616541353,0.8474290792647661,0.008706553426409067,3
114,0.009718608856201173,0.0008307344342605662,0.009781074523925782,0.002617431947311478,entropy,35,"{'criterion': 'entropy', 'max_depth': 35}",0.8348968105065666,0.8609022556390977,0.8533834586466166,0.8383458646616542,0.8458646616541353,0.8466786102216141,0.009551701908325938,12
115,0.009797239303588867,0.000376890370475075,0.008632898330688477,0.0005362637330251792,entropy,36,"{'criterion': 'entropy', 'max_depth': 36}",0.8292682926829268,0.8590225563909775,0.8552631578947367,0.8383458646616542,0.8458646616541353,0.8455529066568861,0.01088988283537986,55
116,0.00974268913269043,0.0003599509572612318,0.00814824104309082,3.115808846811668e-05,entropy,37,"{'criterion': 'entropy', 'max_depth': 37}",0.8311444652908068,0.8609022556390977,0.8533834586466166,0.8383458646616542,0.8439849624060151,0.845552201328838,0.010572824998540143,57
117,0.009970855712890626,0.0005100891901052714,0.010707426071166991,0.00472009076185777,entropy,38,"{'criterion': 'entropy', 'max_depth': 38}",0.8292682926829268,0.8571428571428571,0.8533834586466166,0.8383458646616542,0.8458646616541353,0.844801026957638,0.010099952268210394,86
118,0.009299993515014648,0.000332432215359467,0.008745193481445312,0.001260223100499731,entropy,39,"{'criterion': 'entropy', 'max_depth': 39}",0.8386491557223265,0.8590225563909775,0.8515037593984961,0.8383458646616542,0.8439849624060151,0.8463012597158939,0.007951171376194992,34
119,0.010116195678710938,0.0007406688815522548,0.01269373893737793,0.004935396323081377,entropy,40,"{'criterion': 'entropy', 'max_depth': 40}",0.8292682926829268,0.8590225563909775,0.8515037593984961,0.8383458646616542,0.8458646616541353,0.844801026957638,0.010307713564908028,86
120,0.00943598747253418,0.00039116689252103036,0.008877229690551759,0.0005644391836829724,entropy,41,"{'criterion': 'entropy', 'max_depth': 41}",0.8348968105065666,0.8609022556390977,0.8515037593984961,0.8383458646616542,0.8439849624060151,0.8459267305223659,0.009362357927122492,49
121,0.009255123138427735,0.000266163496843078,0.00824131965637207,0.0001882192056272135,entropy,42,"{'criterion': 'entropy', 'max_depth': 42}",0.8367729831144465,0.8609022556390977,0.8533834586466166,0.8383458646616542,0.8439849624060151,0.846677904893566,0.009187806205889305,15
122,0.009284353256225586,0.00029481328730771017,0.008370447158813476,0.00011969186381537694,entropy,43,"{'criterion': 'entropy', 'max_depth': 43}",0.8348968105065666,0.8609022556390977,0.8515037593984961,0.8383458646616542,0.8458646616541353,0.8463026703719899,0.00931445613068006,30
123,0.009337520599365235,0.0001861524630155978,0.008121776580810546,0.00013418687338389258,entropy,44,"{'criterion': 'entropy', 'max_depth': 44}",0.8367729831144465,0.8627819548872181,0.8515037593984961,0.8383458646616542,0.8458646616541353,0.8470538447431901,0.009488038559062422,7
124,0.010506153106689453,0.002477703839894823,0.008023643493652343,0.00016432009112903758,entropy,45,"{'criterion': 'entropy', 'max_depth': 45}",0.8367729831144465,0.8571428571428571,0.8515037593984961,0.8383458646616542,0.8439849624060151,0.8455500853446937,0.007761784868527802,68
125,0.00988631248474121,0.0011075166811994731,0.008201980590820312,0.0001719688337736647,entropy,46,"{'criterion': 'entropy', 'max_depth': 46}",0.8330206378986866,0.8609022556390977,0.8515037593984961,0.8383458646616542,0.8439849624060151,0.8455514960007899,0.009823164625546226,59
126,0.009473562240600586,0.0002703223452827707,0.008577823638916016,0.0004965934500162667,entropy,47,"{'criterion': 'entropy', 'max_depth': 47}",0.8348968105065666,0.8590225563909775,0.8533834586466166,0.8383458646616542,0.8439849624060151,0.845926730522366,0.009055413581617329,44
127,0.009430170059204102,0.00028641556437238735,0.009844350814819335,0.0023020196939218017,entropy,48,"{'criterion': 'entropy', 'max_depth': 48}",0.8386491557223265,0.8627819548872181,0.8515037593984961,0.8383458646616542,0.8439849624060151,0.847053139415142,0.009198488355072506,9
128,0.009485149383544922,0.0001852344876037233,0.01304311752319336,0.003941101172073346,entropy,49,"{'criterion': 'entropy', 'max_depth': 49}",0.8292682926829268,0.8609022556390977,0.8533834586466166,0.8383458646616542,0.8458646616541353,0.8455529066568861,0.011082845811629884,55
129,0.009912824630737305,0.000589365608075817,0.009786510467529297,0.0024627227207265306,entropy,50,"{'criterion': 'entropy', 'max_depth': 50}",0.8311444652908068,0.8609022556390977,0.8533834586466166,0.8383458646616542,0.8458646616541353,0.8459281411784622,0.010543793264378562,37
130,0.009406852722167968,0.00019027262944750045,0.008433151245117187,0.00024350301921982205,entropy,51,"{'criterion': 'entropy', 'max_depth': 51}",0.8330206378986866,0.8609022556390977,0.8533834586466166,0.8383458646616542,0.8458646616541353,0.8463033757000382,0.010031953403450741,21
131,0.010129451751708984,0.0011924830561166808,0.008187437057495117,0.0002000642793246769,entropy,52,"{'criterion': 'entropy', 'max_depth': 52}",0.8292682926829268,0.8609022556390977,0.8515037593984961,0.8383458646616542,0.8458646616541353,0.845176966807262,0.010840072015052195,72
132,0.011811208724975587,0.004202756593560699,0.008357572555541991,0.0002796882813197558,entropy,53,"{'criterion': 'entropy', 'max_depth': 53}",0.8348968105065666,0.8609022556390977,0.8515037593984961,0.8383458646616542,0.8458646616541353,0.8463026703719899,0.00931445613068006,30
133,0.00928044319152832,0.0002060972169748986,0.008164787292480468,0.00016440516813876242,entropy,54,"{'criterion': 'entropy', 'max_depth': 54}",0.8330206378986866,0.8609022556390977,0.8552631578947367,0.8383458646616542,0.8439849624060151,0.846303375700038,0.010378180361497598,29
134,0.009545660018920899,0.0003465358268162909,0.008437252044677735,0.0004993764327210832,entropy,55,"{'criterion': 'entropy', 'max_depth': 55}",0.8348968105065666,0.8609022556390977,0.8515037593984961,0.8383458646616542,0.8439849624060151,0.8459267305223659,0.009362357927122492,49
135,0.009747743606567383,0.0011441775325933268,0.008287191390991211,0.000322286929851871,entropy,56,"{'criterion': 'entropy', 'max_depth': 56}",0.8367729831144465,0.8590225563909775,0.8533834586466166,0.8383458646616542,0.8439849624060151,0.8463019650439418,0.008618938762897061,32
136,0.00929560661315918,0.00012429788388913936,0.010225152969360352,0.003880227149123755,entropy,57,"{'criterion': 'entropy', 'max_depth': 57}",0.8348968105065666,0.8590225563909775,0.8515037593984961,0.8383458646616542,0.8458646616541353,0.845926730522366,0.008737693306172101,44
137,0.0091552734375,0.00010761518502357387,0.008229970932006836,0.00023265417096431372,entropy,58,"{'criterion': 'entropy', 'max_depth': 58}",0.8386491557223265,0.8571428571428571,0.8552631578947367,0.8383458646616542,0.8458646616541353,0.847053139415142,0.007963201142637284,9
138,0.011182355880737304,0.0034790099987282025,0.008345842361450195,0.00021308208840925246,entropy,59,"{'criterion': 'entropy', 'max_depth': 59}",0.8311444652908068,0.8609022556390977,0.8552631578947367,0.8383458646616542,0.8439849624060151,0.8459281411784622,0.010873735095574207,37
139,0.00918278694152832,0.00015603118796368557,0.008066797256469726,0.00017930615389558896,entropy,60,"{'criterion': 'entropy', 'max_depth': 60}",0.8330206378986866,0.8609022556390977,0.8533834586466166,0.8383458646616542,0.8458646616541353,0.8463033757000382,0.010031953403450741,21
140,0.009547710418701172,0.0005119464834303899,0.008551454544067383,0.00047915284060986535,entropy,61,"{'criterion': 'entropy', 'max_depth': 61}",0.8386491557223265,0.8609022556390977,0.8515037593984961,0.8383458646616542,0.8439849624060151,0.8466771995655179,0.008564539336932943,19
141,0.009856414794921876,0.0005709238700338161,0.008537626266479493,0.0005111418456845939,entropy,62,"{'criterion': 'entropy', 'max_depth': 62}",0.8367729831144465,0.8590225563909775,0.8533834586466166,0.8383458646616542,0.8439849624060151,0.8463019650439418,0.008618938762897061,32
142,0.009347248077392577,0.00016430644704263885,0.008192348480224609,0.00022452268372240218,entropy,63,"{'criterion': 'entropy', 'max_depth': 63}",0.8292682926829268,0.8609022556390977,0.8533834586466166,0.8383458646616542,0.8439849624060151,0.845176966807262,0.01109776518551968,72
143,0.00928792953491211,0.0001714852277007062,0.010546875,0.004689641157090462,entropy,64,"{'criterion': 'entropy', 'max_depth': 64}",0.8330206378986866,0.8627819548872181,0.8533834586466166,0.8383458646616542,0.8439849624060151,0.8463033757000382,0.010647058675389641,21
144,0.009273147583007813,0.0001223369941254493,0.008841133117675782,0.001355761304572467,entropy,65,"{'criterion': 'entropy', 'max_depth': 65}",0.8292682926829268,0.8590225563909775,0.8533834586466166,0.8383458646616542,0.8458646616541353,0.8451769668072622,0.010576101856076464,71
145,0.01249227523803711,0.005391202143582293,0.008562803268432617,0.0004153359769778065,entropy,66,"{'criterion': 'entropy', 'max_depth': 66}",0.8330206378986866,0.8609022556390977,0.8533834586466166,0.8383458646616542,0.8458646616541353,0.8463033757000382,0.010031953403450741,21
146,0.010558032989501953,0.0023902420543203237,0.008281946182250977,0.0001353963136284862,entropy,67,"{'criterion': 'entropy', 'max_depth': 67}",0.8330206378986866,0.8609022556390977,0.8533834586466166,0.8383458646616542,0.8439849624060151,0.8459274358504141,0.010076471225386276,39
147,0.01140766143798828,0.004288413866688534,0.00834641456604004,0.00023929974799104278,entropy,68,"{'criterion': 'entropy', 'max_depth': 68}",0.8367729831144465,0.8627819548872181,0.8515037593984961,0.8383458646616542,0.8458646616541353,0.8470538447431901,0.009488038559062422,7
148,0.009689569473266602,0.00029025677483162423,0.009132480621337891,0.0009239514482849143,entropy,69,"{'criterion': 'entropy', 'max_depth': 69}",0.8330206378986866,0.8571428571428571,0.8533834586466166,0.8383458646616542,0.8439849624060151,0.8451755561511659,0.009015433360997277,76
149,0.009334421157836914,9.75106455834726e-05,0.008765840530395507,0.0006678536127742392,entropy,70,"{'criterion': 'entropy', 'max_depth': 70}",0.8292682926829268,0.8571428571428571,0.8515037593984961,0.8383458646616542,0.8439849624060151,0.8440491472583899,0.009777747130627836,113
150,0.009746980667114259,0.0003220689057550192,0.00903177261352539,0.0007354703774271343,entropy,71,"{'criterion': 'entropy', 'max_depth': 71}",0.8311444652908068,0.8571428571428571,0.8533834586466166,0.8383458646616542,0.8458646616541353,0.845176261479214,0.009534956915276603,74
151,0.00964498519897461,0.00044970115234753714,0.008779382705688477,0.000612481164551883,entropy,72,"{'criterion': 'entropy', 'max_depth': 72}",0.8311444652908068,0.8590225563909775,0.8515037593984961,0.8383458646616542,0.8458646616541353,0.845176261479214,0.009754759171411756,74
152,0.010019350051879882,0.0011093309544970228,0.00831599235534668,0.00015005531246981842,entropy,73,"{'criterion': 'entropy', 'max_depth': 73}",0.8311444652908068,0.8590225563909775,0.8515037593984961,0.8383458646616542,0.8439849624060151,0.8448003216295898,0.009757205309815973,90
153,0.010145092010498047,0.0005939855155093722,0.008324718475341797,0.00018645982840036684,entropy,74,"{'criterion': 'entropy', 'max_depth': 74}",0.8348968105065666,0.8627819548872181,0.8515037593984961,0.8383458646616542,0.8458646616541353,0.8466786102216141,0.009914713706017207,12
154,0.009520244598388673,0.0003682604265775957,0.008464527130126954,0.0004221409602907575,entropy,75,"{'criterion': 'entropy', 'max_depth': 75}",0.8348968105065666,0.8590225563909775,0.8533834586466166,0.8383458646616542,0.8439849624060151,0.845926730522366,0.009055413581617329,44
155,0.009392833709716797,0.00014997954520648487,0.008374881744384766,0.00025385573397854595,entropy,76,"{'criterion': 'entropy', 'max_depth': 76}",0.8311444652908068,0.8609022556390977,0.8533834586466166,0.8383458646616542,0.8439849624060151,0.845552201328838,0.010572824998540143,57
156,0.009887218475341797,0.0010850630336924343,0.009553003311157226,0.0016867104820255854,entropy,77,"{'criterion': 'entropy', 'max_depth': 77}",0.8367729831144465,0.8590225563909775,0.8533834586466166,0.8383458646616542,0.8458646616541353,0.846677904893566,0.008550398893276816,15
157,0.009368085861206054,0.00012408642399670716,0.009754467010498046,0.0023902441651607806,entropy,78,"{'criterion': 'entropy', 'max_depth': 78}",0.8330206378986866,0.8590225563909775,0.8533834586466166,0.8383458646616542,0.8439849624060151,0.8455514960007899,0.009531071945965417,59
158,0.009738922119140625,0.0003099143307350469,0.008488893508911133,0.00019823830301182738,entropy,79,"{'criterion': 'entropy', 'max_depth': 79}",0.8330206378986866,0.8590225563909775,0.8552631578947367,0.8383458646616542,0.8439849624060151,0.8459274358504139,0.009863840491409849,41
159,0.009555339813232422,0.0001460927425614899,0.008291673660278321,0.0002466107279625689,entropy,80,"{'criterion': 'entropy', 'max_depth': 80}",0.8386491557223265,0.8590225563909775,0.8515037593984961,0.8383458646616542,0.8458646616541353,0.8466771995655179,0.007876856759586473,19
