,Id,PredictedLabel,ActualLabel
0,3150,N,N
1,903,NM,NM
2,266,V,V
3,3098,NM,NM
4,3214,N,N
5,1686,NM,NM
6,1381,NM,NM
7,277,NM,NM
8,246,N,N
9,3038,N,N
10,3331,N,N
11,1105,NM,NM
12,2043,N,NM
13,2316,V,V
14,1587,N,N
15,984,N,N
16,543,N,N
17,400,NM,NM
18,3045,N,N
19,3006,N,N
20,34,P,P
21,3379,N,N
22,2957,NM,NM
23,2030,NM,NM
24,2810,NM,NM
25,212,NM,NM
26,3403,NM,NM
27,2966,NM,NM
28,1619,N,N
29,511,NM,NPL
30,2175,OTHER,OTHER
31,3477,N,N
32,236,P,P
33,2469,PRE,PRE
34,3121,N,N
35,2463,N,V
36,3054,NM,NM
37,3075,NM,NM
38,1830,N,N
39,2611,NM,NM
40,2550,NM,V
41,1777,NM,NM
42,3411,N,N
43,1748,N,N
44,153,NM,NM
45,2837,V,N
46,1191,P,PRE
47,281,NM,NM
48,3512,N,N
49,2806,NM,NPL
50,3330,NM,NM
51,1042,N,N
52,714,NM,NM
53,2370,N,N
54,972,NM,NM
55,1586,NM,NM
56,216,NM,NM
57,2209,V,V
58,2873,NM,NM
59,1187,P,PRE
60,1569,NM,NM
61,1950,NM,NM
62,1175,N,N
63,2967,N,N
64,1976,NM,NM
65,3418,NM,NM
66,2583,NM,NM
67,855,NM,NM
68,2371,V,V
69,3243,NM,NM
70,980,NM,NM
71,876,N,N
72,1678,NM,NM
73,3332,NM,NM
74,2527,V,V
75,1302,N,NPL
76,2376,NM,NM
77,3414,N,N
78,1673,NM,NM
79,1184,P,PRE
80,1890,NM,NM
81,3283,N,N
82,1809,N,N
83,2378,N,N
84,1164,NM,NM
85,3482,N,N
86,1154,N,N
87,2924,NM,NM
88,2438,NM,N
89,2818,V,OTHER
90,2721,N,N
91,1327,NM,NM
92,3252,N,N
93,2542,V,V
94,3222,N,N
95,3397,V,NM
96,1439,NM,NM
97,207,NPL,NPL
98,3157,NM,NM
99,1754,NPL,NPL
100,1756,N,N
101,1389,N,N
102,1781,NM,NM
103,2609,P,P
104,1595,NM,N
105,1078,NM,PRE
106,1790,NM,NM
107,667,NM,NM
108,1116,N,N
109,2923,NM,NM
110,3031,NM,NM
111,222,P,NM
112,1324,NPL,NPL
113,160,NPL,NPL
114,645,V,V
115,282,N,N
116,2866,N,NM
117,16,P,P
118,167,NPL,NPL
119,1765,NM,NM
120,3014,N,N
121,1398,N,N
122,1009,PRE,NPL
123,540,N,N
124,1158,N,N
125,306,NM,NM
126,1441,NM,NM
127,2651,NM,NM
128,2813,D,D
129,3349,N,N
130,2024,NM,NM
131,1039,NM,V
132,2471,NM,V
133,2641,N,N
134,3492,NM,NM
135,1610,NM,N
136,2898,V,V
137,2996,N,N
138,2770,V,V
139,620,N,N
140,572,N,N
141,838,NM,NM
142,3242,N,NPL
143,99,NM,NM
144,2395,N,N
145,1433,NM,NM
146,1879,N,N
147,1321,NM,NM
148,3287,N,N
149,2118,NM,NM
150,2397,NM,NM
151,1161,NM,NM
152,862,N,NPL
153,2262,V,V
154,2666,NM,V
155,2280,V,V
156,880,N,N
157,1540,NM,NM
158,1855,NM,NM
159,1838,NM,N
160,1520,NM,NM
161,2361,N,N
162,1159,NM,NM
163,2850,V,V
164,3202,NM,NM
165,419,NM,NM
166,2041,NM,NM
167,1612,NM,NM
168,2793,V,V
169,2003,NM,NM
170,70,NM,NM
171,1169,NM,NM
172,162,NM,NM
173,3292,NPL,NPL
174,248,N,N
175,3305,N,NPL
176,115,N,N
177,65,NM,NM
178,313,NM,NM
179,1378,NM,N
180,608,NM,NM
181,2603,P,P
182,75,NM,NM
183,3153,N,N
184,587,N,N
185,1265,NM,NM
186,189,NM,NM
187,574,N,N
188,1936,N,N
189,1480,N,N
190,3067,N,N
191,1377,P,P
192,3160,NM,NM
193,856,N,N
194,1354,N,N
195,1709,N,N
196,717,N,N
197,1584,P,P
198,1066,NM,N
199,310,P,P
200,188,N,N
201,580,N,V
202,1780,NPL,NPL
203,3386,N,N
204,1323,NM,NM
205,57,N,N
206,166,N,V
207,2419,V,PRE
208,2069,NM,N
209,3034,N,N
210,484,NM,NM
211,328,NM,N
212,790,NM,N
213,930,NM,NM
214,1331,NM,NM
215,675,NM,NM
216,496,NM,NM
217,2713,N,N
218,287,NM,NM
219,2796,N,N
220,628,NM,NM
221,129,NM,N
222,2445,N,V
223,3342,NM,NM
224,311,N,N
225,2268,NPL,NPL
226,2699,N,N
227,3313,N,N
228,1468,NM,NM
229,1747,NM,NM
230,2365,V,V
231,1568,N,N
232,3449,N,N
233,1900,NM,NM
234,1232,N,N
235,3017,NM,NM
236,1920,NM,NM
237,2748,N,N
238,2282,NM,NM
239,1869,NM,NM
240,114,NM,NM
241,3183,NM,NM
242,3064,NM,NM
243,3124,N,N
244,1033,NM,NM
245,346,PRE,PRE
246,53,N,N
247,2545,P,P
248,2295,N,NPL
249,557,N,N
250,1284,NM,NM
251,317,NM,NM
252,2827,V,PRE
253,108,N,N
254,1420,NM,NM
255,636,NM,N
256,2485,OTHER,OTHER
257,2459,NM,NM
258,1443,NM,NM
259,2522,NM,N
260,1429,N,N
261,3353,N,N
262,84,NPL,NPL
263,39,N,PRE
264,130,P,P
265,1539,N,N
266,660,N,N
267,2211,N,N
268,2176,N,N
269,1010,NM,P
270,1683,P,P
271,864,NM,NM
272,677,PRE,NM
273,1669,NM,NM
274,2661,V,NM
275,1602,NM,NM
276,2145,NM,N
277,2975,NM,NM
278,2477,NM,NM
279,592,NM,NM
280,1825,NM,N
281,1813,NM,NM
282,917,N,N
283,3103,NM,NM
284,299,PRE,PRE
285,2260,NM,NM
286,2633,N,N
287,1412,N,N
288,3420,NM,N
289,535,N,NPL
290,603,NM,NM
291,3511,NM,NM
292,3212,N,NPL
293,2504,N,V
294,2150,NPL,NPL
295,1949,N,N
296,1941,NM,NM
297,1358,N,NM
298,3518,N,NPL
299,433,N,N
300,500,NPL,NPL
301,2034,NM,NM
302,2877,NM,NM
303,2071,N,N
304,1759,NM,NM
305,291,N,N
306,1150,NM,NM
307,499,NM,NM
308,2592,N,N
309,364,PRE,PRE
310,3210,NM,NM
311,1824,N,N
312,3407,NPL,NPL
313,1693,NM,NM
314,2324,N,N
315,9,N,NPL
316,1980,NM,NM
317,2454,N,N
318,1091,N,N
319,1216,NPL,NPL
320,1909,D,D
321,2318,N,N
322,528,NM,NM
323,2019,N,P
324,468,NM,NM
325,699,NM,N
326,3455,N,N
327,1966,N,N
328,2011,NM,N
329,1393,NM,NM
330,2785,NM,NM
331,2235,V,V
332,3282,NM,NM
333,165,NPL,NPL
334,2432,NM,NM
335,274,V,V
336,1522,NM,NM
337,440,PRE,NM
338,3139,NM,NM
339,1140,N,N
340,2355,N,N
341,5,NM,NM
342,1532,V,V
343,1508,N,N
344,1497,N,NM
345,1760,NM,NM
346,1899,N,N
347,3545,NM,NM
348,242,NM,NM
349,472,NM,NM
350,594,N,N
351,1599,NPL,NPL
352,1362,N,NPL
353,3043,P,P
354,668,N,N
355,389,PRE,PRE
356,680,N,N
357,869,NM,NM
358,489,NM,NM
359,2420,NM,NM
360,125,N,V
361,1774,NM,NM
362,688,N,N
363,2129,P,P
364,2115,V,V
365,3486,NM,NM
366,79,NM,NM
367,1027,NM,NM
368,956,NM,NM
369,965,NM,NM
370,2974,N,NPL
371,1369,NM,NM
372,2284,V,V
373,2602,V,N
374,765,NM,NM
375,233,N,NPL
376,2544,V,OTHER
377,177,NM,NM
378,2313,N,N
379,2421,NM,N
380,1006,NM,PRE
381,1065,NM,NM
382,2,P,P
383,2152,NM,NM
384,537,NM,NM
385,2523,N,V
386,2436,V,PRE
387,3468,NM,NM
388,2412,N,N
389,1002,NM,V
390,54,N,N
391,144,NM,NM
392,2857,V,V
393,1860,N,N
394,2862,N,V
395,1791,NPL,NPL
396,2830,NM,N
397,112,NM,NM
398,3467,N,N
399,78,NPL,NPL
400,338,PRE,PRE
401,3333,N,N
402,22,NM,NM
403,3048,NM,NM
404,2645,NPL,NPL
405,2446,V,PRE
406,2198,V,V
407,1891,N,N
408,614,NM,NM
409,1588,NM,NM
410,1917,N,N
411,454,NPL,NPL
412,2134,NM,N
413,755,N,N
414,2572,NPL,NPL
415,3315,N,N
416,2492,NM,NM
417,1795,N,N
418,2991,NM,PRE
419,1524,NM,NM
420,2887,NM,NM
421,657,N,N
422,1350,NM,NM
423,599,N,N
424,1257,NM,NM
425,771,NM,NM
426,2111,N,OTHER
427,1479,NM,NM
428,918,NM,NM
429,1205,N,N
430,1264,N,N
431,2781,V,V
432,2524,V,V
433,2346,NM,NM
434,93,NM,NM
435,2672,NM,N
436,2433,NM,N
437,131,N,N
438,1249,N,N
439,2920,NM,NM
440,1523,N,NPL
441,2507,N,N
442,654,NM,NM
443,2776,NM,NM
444,372,PRE,PRE
445,2274,N,N
446,629,NM,NM
447,2890,NM,NM
448,1462,N,V
449,892,NM,NM
450,1124,NM,NM
451,2271,P,P
452,1297,N,V
453,3097,N,NPL
454,2914,N,N
455,1090,N,N
456,1189,NM,NM
457,736,NM,NM
458,1954,NPL,NPL
459,2899,NM,NM
460,3297,NM,NM
461,1783,NM,NM
462,533,NM,N
463,868,N,N
464,3401,NM,NM
465,479,N,N
466,1571,NM,NM
467,2020,N,N
468,1391,NM,NM
469,2109,P,P
470,509,N,N
471,835,N,N
472,621,NM,NM
473,795,NM,NM
474,798,NM,NM
475,483,NM,NM
476,2940,P,OTHER
477,1947,NM,NM
478,3275,NPL,NPL
479,2909,N,V
480,2618,NM,NM
481,97,NM,NM
482,1948,NM,NM
483,1574,NM,NM
484,545,N,N
485,800,NM,NM
486,1605,NM,NM
487,618,OTHER,N
488,1932,NM,NM
489,2934,NM,N
490,527,N,N
491,1351,N,N
492,1137,NM,NM
493,1560,N,N
494,3194,N,N
495,1878,NM,NM
496,194,NM,NM
497,2683,N,N
498,351,N,NM
499,3244,NM,NPL
500,418,N,N
501,2458,NM,V
502,1745,NM,NM
503,844,N,N
504,1690,NM,NM
505,2838,N,V
506,1679,N,N
507,2888,N,N
508,90,NM,NM
509,323,NM,V
510,1035,NM,NM
511,3140,N,N
512,2122,N,N
513,2788,N,N
514,2001,NM,NM
515,1662,N,N
516,1499,N,N
517,978,N,N
518,732,NM,NM
519,2360,V,V
520,1888,N,N
521,1373,NM,NM
522,546,NM,NM
523,3149,NM,P
524,1667,NM,NM
525,2339,V,V
526,653,D,D
527,1829,NM,NM
528,2035,N,N
529,2212,V,V
530,2184,N,N
531,1942,N,N
532,2800,NM,NM
533,731,NM,NM
534,1063,NM,NM
535,2847,NM,N
536,1623,NM,V
537,1782,N,N
538,1307,NM,P
539,3335,NM,V
540,941,N,N
541,950,N,N
542,1631,N,N
543,2414,NM,NM
544,2308,V,V
545,2514,V,V
546,801,NM,NM
547,1596,D,D
548,2173,N,N
549,2725,V,V
550,1852,NM,NM
551,3523,NM,NM
552,3131,NM,NM
553,1054,NM,NM
554,3412,N,V
555,157,NM,NM
556,1444,NM,NM
557,1507,NM,NM
558,1929,N,N
559,467,NM,NM
560,117,N,N
561,2094,N,N
562,453,NM,NM
563,3321,NM,PRE
564,325,N,N
565,1547,N,N
566,341,NM,NM
567,3047,N,N
568,3130,N,N
569,2732,V,V
570,3084,NM,NM
571,1582,N,N
572,701,NM,NM
573,1185,NM,NM
574,2977,NM,NM
575,944,NM,NM
576,2045,NM,NM
577,2331,NM,NM
578,2628,N,N
579,2652,NPL,NPL
580,2052,N,NPL
581,1349,N,N
582,457,NM,NM
583,2566,PRE,V
584,2879,N,N
585,3294,NPL,NPL
586,975,NM,NM
587,1580,D,D
588,2600,NM,NPL
589,3394,NM,NM
590,463,NM,NM
591,3478,V,V
592,3322,NM,NM
593,3369,N,N
594,1130,NM,NM
595,2027,NM,NM
596,693,NM,NM
597,2351,N,N
598,1514,NM,PRE
599,1617,OTHER,N
600,3462,NM,NM
601,396,PRE,PRE
602,1079,NM,NM
603,1873,NPL,NM
604,481,NM,NM
605,3141,NM,NM
606,390,N,N
607,1114,N,N
608,3106,NM,N
609,1856,N,NPL
610,1255,NM,NM
611,1000,NM,NM
612,575,NM,NM
613,1552,N,N
614,184,NM,NM
615,3347,N,N
616,2264,V,V
617,183,N,N
618,3416,N,NM
619,407,NM,NM
620,3271,N,N
621,449,NM,NM
622,11,NPL,NPL
623,3207,N,N
624,3534,NM,NM
625,694,N,N
626,924,N,NM
627,2006,N,NPL
628,2323,NM,NM
629,544,NM,V
630,1366,NM,NM
631,260,NM,V
632,2496,NM,V
633,2518,N,N
634,1258,NM,NM
635,3362,NM,NM
636,1086,N,N
637,2547,NM,NM
638,818,N,N
639,3007,NM,NM
640,393,N,N
641,2738,N,N
642,508,NM,NM
643,793,NM,NM
644,2142,NM,PRE
645,1592,NM,NM
646,3299,NM,NM
647,3447,NM,NM
648,283,PRE,N
649,1230,NM,NM
650,223,N,N
651,2815,N,N
652,3485,N,N
653,706,NM,NM
654,1808,NM,NM
655,2221,N,N
656,1428,NM,NM
657,825,NM,NM
658,1121,N,NPL
659,1677,NM,NM
660,2639,V,V
661,936,NM,NM
662,1392,N,N
663,197,NM,NM
664,1461,NM,OTHER
665,1660,NM,N
666,3303,NM,NM
667,1771,N,N
668,3466,V,NM
669,2997,NM,NM
670,929,N,N
671,2880,N,V
672,849,NM,NM
673,3368,NM,NM
674,3298,N,NPL
675,356,NM,NM
676,3080,N,NM
677,2627,NM,NM
678,681,N,N
679,1254,N,N
680,2120,N,N
681,2579,N,NM
682,2831,V,V
683,1751,N,N
684,1689,NPL,NPL
685,1921,N,N
686,1380,NM,NM
687,2380,N,N
688,811,NM,NM
689,532,N,NM
690,1466,P,P
691,852,NM,NM
692,3044,NM,NM
693,1538,NM,NM
694,2981,N,N
695,2948,NM,NM
696,1919,N,N
697,2008,N,NPL
698,1910,NM,NM
699,1915,N,N
700,2297,NM,NM
701,3390,NM,NM
702,967,NM,NM
703,3444,N,NPL
704,3147,NM,NM
705,1406,NM,NM
706,2390,NM,N
707,2623,N,V
708,2503,NM,NM
709,552,NM,NM
710,1977,NM,NM
711,3471,NM,NM
712,3249,N,N
713,2166,PRE,V
714,41,N,V
715,2490,NM,NM
716,3543,NM,NM
717,2147,N,N
718,3070,NM,NM
719,561,NM,NM
720,2565,N,N
721,1383,NM,NM
722,751,NM,PRE
723,3174,N,N
724,2374,V,V
725,3158,NM,NM
726,3453,NM,NM
727,1542,NM,NM
728,2710,NM,NM
729,2548,N,N
730,56,NM,NM
731,3230,N,N
732,3338,N,V
733,1345,NM,NM
734,375,NM,NM
735,1057,N,N
736,1924,NM,NM
737,2086,NM,NM
738,488,N,NPL
739,2558,NM,NM
740,2246,N,N
741,332,NM,NM
742,3302,N,N
743,2132,OTHER,V
744,2099,NM,NM
745,2072,V,V
746,1903,NM,NM
747,458,NPL,NPL
748,398,N,N
749,571,NM,NM
750,2186,NPL,NPL
751,2636,NM,NM
752,116,NM,NM
753,3392,NM,NM
754,486,NM,NM
755,998,N,N
756,2299,N,N
757,2078,N,P
758,2825,N,N
759,2016,N,N
760,3026,N,N
761,286,NPL,NPL
762,89,N,N
763,3094,N,N
764,1991,N,N
765,1273,N,N
766,272,NM,N
767,816,NM,NM
768,2595,P,P
769,3355,N,N
770,1281,NM,NM
771,3154,NM,NM
772,1171,NM,NM
773,3433,NM,NM
774,2140,NM,NM
775,2192,V,OTHER
776,102,N,N
777,813,N,N
778,423,NM,OTHER
779,2869,N,N
780,1604,N,N
781,697,NM,N
782,209,N,NM
783,2932,N,N
784,1657,NM,NM
785,3502,P,P
786,2470,NM,PRE
787,2407,NM,N
788,3001,NM,NM
789,1835,NM,NM
790,1034,N,N
791,1181,NM,NM
792,763,N,N
793,2170,N,N
794,2701,NM,NM
795,2108,N,N
796,922,NM,NM
797,1785,NM,NM
798,424,NM,NM
799,3436,N,N
800,964,NM,NM
801,1248,N,N
802,2590,V,V
803,928,NM,NM
804,2169,NM,NM
805,3005,NM,NM
806,2851,NM,PRE
807,1007,NM,NM
808,2042,N,N
809,719,NM,NM
810,1120,NM,NM
811,169,NM,NM
812,1732,NM,N
813,3503,N,N
814,650,D,D
815,181,NM,NM
816,205,N,N
817,1805,NM,NM
818,550,NM,NM
819,2233,V,V
820,669,NM,NM
821,1972,NM,NM
822,2357,NM,NM
823,842,N,NM
824,2735,N,N
825,727,N,NM
826,156,N,N
827,1854,NM,NM
828,3,NM,NM
829,3311,N,N
830,2864,NM,NM
831,2969,NM,NM
832,2060,NM,NM
833,1242,NM,N
834,297,N,N
835,3273,N,N
836,872,NM,NM
837,482,N,N
838,3428,NM,NM
839,1183,N,N
840,3529,NM,NM
841,2571,NM,NM
842,3088,NM,NM
843,3236,NM,NM
844,1484,N,N
845,1906,OTHER,N
846,403,N,N
847,1336,NM,NM
848,814,NM,V
849,3470,N,N
850,2820,N,N
851,2391,NM,OTHER
852,2843,NM,NM
853,74,NM,NM
854,622,NPL,NPL
855,1061,N,NM
856,549,N,N
857,2250,P,P
858,1559,NM,NM
859,2137,NM,NM
860,977,NM,NM
861,2194,N,NPL
862,3440,N,N
863,379,NPL,NPL
864,2642,NM,NM
865,2944,V,V
866,2476,NM,NM
867,3521,V,V
868,1530,NM,NM
869,316,NM,NM
870,3344,NM,N
871,2804,N,N
872,591,NPL,NPL
873,1436,NM,NM
874,525,NM,NM
875,2989,NM,NM
876,2425,NM,NPL
877,232,NM,NM
878,3371,N,N
879,963,N,N
880,3533,N,N
881,340,NM,NM
882,2719,N,N
883,2700,V,V
884,3413,NM,NM
885,3307,NPL,NPL
886,1329,N,N
887,1788,N,NM
